format,model_1,model_2,winrate,variance,nb_battles,wins,losses,ties
gen1randombattle,MaxBasePower,MaxBasePower,0.49700000,0.000243734735,1000,484,490,26
gen1randombattle,MaxBasePower,SimpleHeuristics,0.17700000,0.000140811812,1000,167,813,20
gen1randombattle,MaxBasePower,pearl_03000,0.39050000,0.000234494244,1000,383,602,15
gen1randombattle,MaxBasePower,test_1,0.47300000,0.000242513514,1000,459,513,28
gen1randombattle,SimpleHeuristics,SimpleHeuristics,0.49950000,0.000244494244,1000,488,489,23
gen1randombattle,SimpleHeuristics,pearl_03000,0.76750000,0.000175869620,1000,762,227,11
gen1randombattle,SimpleHeuristics,test_1,0.83000000,0.000135235235,1000,818,158,24
gen1randombattle,pearl_03000,pearl_03000,0.46200000,0.000246302302,1000,457,533,10
gen1randombattle,pearl_03000,test_1,0.60500000,0.000234209209,1000,595,385,20
gen1randombattle,random,MaxBasePower,0.28200000,0.000200676677,1000,278,714,8
gen1randombattle,random,SimpleHeuristics,0.07350000,0.000066414164,1000,70,923,7
gen1randombattle,random,pearl_03000,0.17000000,0.000140240240,1000,168,828,4
gen1randombattle,random,random,0.51250000,0.000246340090,1000,505,480,15
gen1randombattle,random,test_1,0.23350000,0.000176404154,1000,228,761,11
gen1randombattle,test_1,test_1,0.50550000,0.000243463213,1000,492,481,27
